id,name,datetime,department_id,job_id
1,Deborah Hall,2019-02-21T12:26:00,1,1
2,Matthew Price,2022-07-08T08:35:00,5,5
3,Debra Carter,2018-06-15T17:53:00,1,13
4,Amanda Rogers,2023-07-09T11:53:00,8,8
5,Kevin Sanchez,2024-09-17T16:24:00,3,15
6,Joseph Rivera,2024-10-28T13:21:00,1,13
7,Anthony Bell,2020-09-11T17:32:00,3,15
8,Scott Williams,2022-01-07T12:13:00,1,13
9,James Miller,2022-07-03T14:06:00,4,4
10,Sandra Gonzalez,2022-04-25T12:49:00,3,15
11,Ryan Cook,2020-09-09T14:32:00,6,6
12,Joshua Peterson,2020-05-26T10:53:00,3,15
13,Mark Perez,2019-03-05T09:00:00,2,2
14,Andrew Morris,2021-10-01T13:06:00,3,15
15,Justin Nguyen,2022-05-27T14:46:00,6,6
16,Dorothy Roberts,2019-08-22T10:59:00,2,2
17,Gregory James,2021-12-30T17:25:00,13,17
18,Mark Nelson,2018-03-08T14:11:00,5,5
19,Jeffrey Ramirez,2018-12-02T08:25:00,2,12
20,Alexander Jones,2023-07-11T13:52:00,2,2
21,Rachel Morgan,2018-02-13T16:14:00,1,13
22,Gary Williams,2018-08-09T16:07:00,13,16
23,Sandra Hill,2024-04-20T10:32:00,8,20
24,Gregory Cook,2018-05-13T15:57:00,1,13
25,Debra Baker,2018-08-05T12:01:00,6,18
26,Gregory Adams,2020-03-12T08:52:00,12,19
27,Janet Flores,2021-06-30T12:26:00,11,11
28,David Robinson,2024-09-17T10:34:00,1,1
29,Ryan Cook,2019-05-16T16:37:00,8,8
30,Robert Robinson,2023-03-14T10:42:00,9,9
31,Kathleen Jackson,2020-03-10T10:25:00,1,1
32,Karen Torres,2021-01-07T08:39:00,8,20
33,Kevin Martin,2024-10-10T11:18:00,9,9
34,Christopher Phillips,2020-03-04T12:15:00,9,9
35,Janet Clark,2021-02-17T14:55:00,10,10
36,Angela Kelly,2021-09-01T12:52:00,12,19
37,Paul Kelly,2018-10-30T16:04:00,8,8
38,Timothy Bell,2019-03-15T16:14:00,3,15
39,George Taylor,2023-11-30T08:42:00,3,12
40,Anna Cruz,2018-02-25T11:53:00,3,3
41,Jack Cox,2019-12-15T15:50:00,11,11
42,Emily Johnson,2021-08-09T10:53:00,10,10
43,Scott Adams,2020-03-17T13:48:00,7,7
44,Rebecca Evans,2019-11-29T13:45:00,13,17
45,Angela Howard,2024-03-12T12:35:00,2,12
46,Nicholas Sanchez,2022-11-07T08:43:00,11,11
47,Edward Hernandez,2019-08-05T14:10:00,1,14
48,Michael Wright,2019-08-11T16:02:00,1,1
49,Margaret Moore,2020-10-02T12:53:00,9,9
50,Janet Morris,2021-05-12T10:24:00,12,19
51,Sarah Rogers,2019-10-30T10:04:00,5,5
52,Kimberly Brown,2021-02-21T12:40:00,6,6
53,Thomas Hill,2022-02-26T17:27:00,11,11
54,Jason Hughes,2023-05-26T08:18:00,10,10
55,Susan Garcia,2018-03-31T14:32:00,3,12
56,Jessica Young,2024-07-11T15:02:00,6,18
57,Edward Nguyen,2023-03-28T16:09:00,2,2
58,Kimberly Edwards,2022-07-07T11:44:00,3,12
59,Debra Morgan,2022-03-08T11:21:00,4,4
60,Lisa Thomas,2019-06-13T15:31:00,2,12
61,Angela Nguyen,2018-01-29T10:59:00,3,15
62,Stephanie Wood,2021-07-09T17:44:00,1,13
63,Jacob Flores,2018-04-18T14:45:00,6,6
64,Linda Torres,2023-02-22T15:11:00,5,5
65,Edward Evans,2022-07-01T12:18:00,9,9
66,Michael James,2019-01-16T09:09:00,11,11
67,Sarah Thompson,2022-11-07T11:17:00,5,14
68,Richard Rodriguez,2024-01-25T17:05:00,13,17
69,Mark Taylor,2019-05-17T13:22:00,3,3
70,Jonathan Torres,2018-04-13T11:55:00,2,16
71,Melissa Garcia,2020-04-02T13:41:00,5,5
72,Donald Perez,2021-03-26T12:43:00,11,11
73,Maria Williams,2020-11-20T08:52:00,6,6
74,Raymond Miller,2022-02-08T16:56:00,2,2
75,Maria Cox,2020-12-20T16:14:00,8,20
76,Thomas Carter,2022-08-07T14:14:00,2,12
77,Joseph Rodriguez,2024-12-29T08:31:00,3,3
78,Emily Nguyen,2020-08-01T08:08:00,10,10
79,Jennifer Smith,2019-07-13T16:16:00,2,2
80,Gary Lewis,2023-08-04T14:02:00,6,6
81,Brandon Lopez,2020-03-11T11:35:00,12,19
82,Joshua James,2020-07-10T14:48:00,1,13
83,Michael White,2019-10-12T10:10:00,5,5
84,Mark Perez,2020-10-16T12:52:00,1,13
85,Jason Richardson,2024-03-16T10:37:00,2,16
86,Timothy Phillips,2021-09-10T16:47:00,2,12
87,Kathleen White,2024-11-20T14:07:00,2,12
88,Brian Hall,2020-02-19T09:03:00,1,1
89,Sharon Lewis,2020-07-08T08:42:00,1,13
90,Sandra Lopez,2024-07-24T13:39:00,1,1
91,Sarah Torres,2023-07-25T11:16:00,1,1
92,Andrew Martinez,2023-05-02T17:42:00,13,16
93,Jonathan Young,2021-02-20T11:46:00,2,12
94,Barbara Cooper,2019-05-05T15:38:00,1,14
95,Justin Walker,2021-12-19T15:36:00,9,9
96,Gary Carter,2021-11-15T14:13:00,1,1
97,Melissa Flores,2019-08-23T16:30:00,1,1
98,Pamela Watson,2024-08-08T10:39:00,9,9
99,Emily Davis,2020-06-25T11:24:00,6,6
100,Frank Williams,2018-11-25T09:22:00,1,1
101,Anthony Miller,2018-03-27T17:19:00,2,2
102,Samuel Flores,2022-11-08T10:01:00,8,20
103,Frank Young,2024-10-31T16:23:00,6,18
104,Lisa Smith,2018-12-10T16:59:00,9,9
105,Brenda King,2024-11-11T14:31:00,3,3
106,Jessica Gonzalez,2024-08-06T08:26:00,3,15
107,Rachel Stewart,2020-08-22T17:00:00,11,11
108,Brian Bailey,2021-06-24T12:35:00,6,18
109,Larry Green,2019-12-11T15:24:00,1,13
110,Carol Taylor,2019-09-29T16:23:00,13,16
111,Kimberly Miller,2021-11-28T17:53:00,7,7
112,Helen Murphy,2021-01-14T17:54:00,10,10
113,Anthony Nelson,2022-01-28T17:59:00,10,10
114,Scott Price,2019-12-28T14:37:00,3,3
115,Jacob Allen,2023-07-24T12:48:00,6,6
116,Edward Johnson,2020-12-03T12:34:00,3,15
117,Kathleen Reyes,2019-08-17T08:53:00,3,15
118,Nancy Sanchez,2024-08-01T16:46:00,1,14
119,Brandon Parker,2023-04-14T16:16:00,5,14
120,Katherine Lee,2024-05-25T16:55:00,4,4
121,Joshua Campbell,2023-05-06T08:52:00,3,15
122,John Gonzalez,2024-07-10T13:50:00,9,9
123,Catherine Peterson,2023-05-26T17:58:00,6,6
124,Kenneth Reyes,2020-03-24T08:32:00,4,4
125,Ashley Flores,2018-02-09T12:16:00,12,19
126,John Wood,2018-02-05T08:24:00,5,14
127,Amanda Lee,2020-01-01T10:45:00,8,8
128,Timothy Perez,2021-03-03T08:46:00,4,4
129,Paul Cook,2021-05-16T16:29:00,4,4
130,Donna Rodriguez,2023-05-28T12:21:00,6,18
131,Steven Hall,2020-09-15T11:15:00,3,15
132,Jeffrey Baker,2024-09-08T17:15:00,1,13
133,Debra Gonzalez,2024-03-11T10:46:00,5,14
134,David Bennett,2023-03-27T11:50:00,6,6
135,Cynthia Rogers,2020-07-02T10:18:00,1,13
136,Maria Bennett,2019-02-11T10:22:00,13,16
137,Catherine Wright,2023-09-30T10:05:00,2,12
138,Joshua Gonzalez,2023-06-22T09:32:00,3,15
139,Emily Flores,2018-02-25T15:38:00,9,9
140,Joseph Phillips,2024-06-09T17:13:00,11,11
141,Margaret Bailey,2019-03-24T12:29:00,5,14
142,Melissa Kelly,2023-07-19T16:14:00,10,10
143,Debra Hernandez,2020-04-27T15:01:00,11,11
144,Jeffrey Rivera,2020-11-18T11:36:00,13,17
145,Amanda Gomez,2019-11-29T08:10:00,7,7
146,Christine Sanchez,2019-12-31T13:16:00,5,5
147,Maria Morris,2022-10-13T15:15:00,4,4
148,Samantha Collins,2023-03-23T10:43:00,1,1
149,Jack James,2021-01-14T15:37:00,1,13
150,Debra Williams,2018-04-15T12:37:00,1,14
151,Anna Cooper,2019-03-19T12:44:00,1,1
152,Jonathan Nelson,2020-09-18T11:58:00,3,12
153,Debra Bennett,2019-04-02T16:39:00,11,11
154,Rachel Garcia,2022-12-11T16:43:00,1,1
155,Kathleen Reed,2019-04-22T16:37:00,6,18
156,Alexander Phillips,2019-03-28T17:02:00,2,12
157,Shirley Evans,2020-06-27T12:06:00,10,10
158,Anna Lopez,2024-04-15T15:30:00,1,1
159,Rebecca Torres,2021-07-19T13:59:00,3,3
160,Jessica Taylor,2020-03-26T14:51:00,12,19
161,William Williams,2019-05-04T12:01:00,2,16
162,Mary Harris,2021-03-25T14:38:00,8,8
163,Amy Baker,2021-12-29T08:55:00,11,11
164,George Brooks,2023-09-02T13:56:00,9,9
165,Angela Richardson,2023-09-16T15:05:00,10,10
166,Robert Gonzalez,2022-08-11T17:58:00,4,4
167,Jacob Green,2022-03-26T14:35:00,6,6
168,Pamela Sanchez,2019-09-16T10:02:00,3,12
169,Lisa Flores,2019-03-19T17:41:00,6,18
170,Emma Carter,2022-08-26T11:13:00,9,9
171,Nicholas Parker,2024-09-03T14:56:00,13,17
172,Dorothy Richardson,2024-05-20T12:14:00,1,13
173,Jacob Howard,2024-03-27T12:16:00,2,16
174,Jacob Gray,2024-02-28T09:03:00,6,18
175,Paul Moore,2020-03-27T13:45:00,13,17
176,Kevin Flores,2021-07-27T15:00:00,11,11
177,Kevin Reed,2019-10-09T15:16:00,13,17
178,Emily Smith,2020-08-09T13:54:00,6,18
179,Patrick Bennett,2021-04-18T15:39:00,12,19
180,Justin Evans,2019-11-23T17:50:00,3,3
181,Samuel Rivera,2020-08-06T14:32:00,8,20
182,Joseph Green,2023-07-17T17:27:00,1,1
183,Rebecca Collins,2022-06-07T17:13:00,1,13
184,Larry Baker,2023-10-16T15:32:00,4,4
185,Mary Howard,2019-07-28T15:14:00,3,12
186,William Rivera,2023-01-03T14:09:00,6,18
187,Ryan Perez,2019-01-21T10:33:00,6,18
188,Catherine Walker,2018-11-25T12:17:00,11,11
189,Patrick Ward,2019-02-14T15:00:00,11,11
190,Joseph Cruz,2018-06-29T13:43:00,6,18
191,Brandon King,2023-09-10T15:26:00,2,16
192,Jessica Reed,2024-01-05T09:04:00,6,6
193,Ashley Mitchell,2022-12-05T09:38:00,3,3
194,Christopher Reed,2018-01-18T14:01:00,4,4
195,Emma Rivera,2020-04-27T08:17:00,4,4
196,Christine Morris,2020-11-19T17:03:00,5,14
197,Sharon Allen,2023-09-03T11:01:00,12,19
198,David Nelson,2019-05-03T12:15:00,2,2
199,Jeffrey Richardson,2024-03-25T11:03:00,1,14
200,Mary Morgan,2022-07-29T13:02:00,4,4
201,Karen King,2022-05-17T08:16:00,2,16
202,Angela Brown,2021-01-28T11:01:00,2,2
203,Amy Bennett,2022-03-02T14:55:00,1,13
204,Paul Lee,2018-08-15T13:12:00,11,11
205,Helen Stewart,2021-07-26T15:44:00,1,13
206,Donna Bell,2019-09-04T13:00:00,8,8
207,Jacob White,2020-09-08T11:46:00,9,9
208,Pamela Garcia,2020-04-18T11:19:00,6,6
209,Charles Scott,2023-01-26T09:46:00,9,9
210,Patricia Wright,2020-05-10T13:28:00,3,3
211,Michelle Gonzalez,2024-02-10T12:10:00,2,16
212,Donna Lee,2024-09-04T14:38:00,2,16
213,Sharon Murphy,2019-02-03T15:39:00,8,20
214,Carolyn Wood,2018-02-25T16:39:00,6,18
215,Carol Torres,2021-05-04T16:09:00,2,16
216,Michelle Mitchell,2019-07-10T08:34:00,11,11
217,Robert Diaz,2019-08-12T10:56:00,6,6
218,Laura Rodriguez,2020-07-24T14:21:00,3,15
219,Robert Davis,2022-12-07T14:52:00,13,17
220,Carol Perez,2023-07-05T08:28:00,3,3
221,Donald Nguyen,2020-01-25T15:18:00,10,10
222,Carol Diaz,2024-01-03T16:08:00,2,12
223,Michael Richardson,2019-06-28T17:25:00,3,3
224,Raymond Harris,2018-10-31T13:02:00,5,14
225,Maria Wright,2022-07-13T16:31:00,6,18
226,Margaret Ward,2018-07-01T16:34:00,4,4
227,Stephen Lewis,2023-10-03T16:36:00,7,7
228,Betty Clark,2023-05-17T10:52:00,7,7
229,Joseph Ward,2021-04-24T15:57:00,8,8
230,Samuel Baker,2024-05-31T15:02:00,3,3
231,Carolyn Reed,2024-09-23T13:49:00,1,13
232,Nicholas Stewart,2020-05-01T11:50:00,3,12
233,Dorothy Carter,2019-02-14T15:08:00,5,5
234,Gregory Cruz,2019-07-30T08:19:00,4,4
235,Sandra Campbell,2023-01-02T14:33:00,9,9
236,Michael Gomez,2022-02-09T15:16:00,13,16
237,Anna Torres,2022-07-30T10:45:00,10,10
238,Jennifer Nguyen,2022-11-05T09:18:00,7,7
239,Steven Hall,2021-11-18T15:46:00,1,1
240,Emma Taylor,2024-09-14T10:19:00,9,9
241,Kevin Turner,2020-07-31T08:38:00,6,6
242,Rebecca Cook,2021-03-14T10:17:00,13,17
243,Jason Price,2022-04-09T17:19:00,8,8
244,Janet Nelson,2023-06-29T16:03:00,12,19
245,Samuel Ramirez,2018-10-25T12:14:00,10,10
246,Joshua Wright,2022-11-29T11:29:00,6,18
247,Frank Collins,2023-05-01T16:43:00,4,4
248,Mark Perez,2022-07-10T09:12:00,1,13
249,Lisa Torres,2020-04-18T17:27:00,5,14
250,Scott Nguyen,2019-11-18T17:25:00,13,17
251,Paul Rodriguez,2019-11-27T14:21:00,3,3
252,Mark Cruz,2020-12-25T13:38:00,5,5
253,Debra Collins,2022-03-11T14:10:00,10,10
254,Lisa Bell,2019-02-23T12:11:00,10,10
255,Richard Rivera,2022-10-12T15:14:00,3,15
256,Robert Harris,2020-03-02T14:42:00,2,12
257,Margaret Richardson,2024-10-06T08:51:00,2,12
258,Gregory Perez,2019-02-03T08:31:00,6,6
259,William Rogers,2021-09-16T17:48:00,2,2
260,Robert Gomez,2023-02-14T14:53:00,8,20
261,Brandon Collins,2018-07-17T11:00:00,12,19
262,Shirley Baker,2020-03-24T09:00:00,10,10
263,Stephanie Cooper,2024-02-14T12:02:00,3,15
264,Amy Cruz,2024-02-25T12:54:00,6,6
265,Paul Campbell,2023-03-19T11:40:00,13,17
266,Linda Thomas,2023-01-14T09:12:00,11,11
267,Stephanie Roberts,2019-06-06T11:43:00,7,7
268,Larry Rivera,2018-08-12T14:31:00,13,17
269,Charles Gonzalez,2022-06-06T17:07:00,2,2
270,Larry Gray,2024-01-22T15:07:00,13,17
271,Maria Evans,2023-11-04T15:00:00,2,2
272,Amy Baker,2019-08-25T09:35:00,6,18
273,Michelle Bell,2020-04-25T11:24:00,6,18
274,Sarah Thomas,2021-08-16T17:06:00,4,4
275,Frank Johnson,2019-05-27T08:11:00,9,9
276,Amanda Mitchell,2024-06-05T17:12:00,3,3
277,Karen Nelson,2020-05-09T10:33:00,8,20
278,Anna Martinez,2019-10-19T10:03:00,10,10
279,Stephanie White,2019-01-12T15:32:00,8,20
280,Anna Taylor,2021-06-11T08:37:00,4,4
281,Ashley Mitchell,2023-09-07T17:43:00,6,18
282,Jessica Anderson,2022-11-18T15:20:00,4,4
283,Kathleen Kelly,2020-01-14T16:53:00,1,13
284,Ryan Wood,2021-12-25T14:54:00,2,2
285,Joseph Moore,2019-03-26T16:12:00,7,7
286,Angela Morgan,2018-11-30T16:44:00,6,6
287,Angela Turner,2021-09-08T14:35:00,2,12
288,Paul Rogers,2023-07-15T14:21:00,1,1
289,Charles Nguyen,2023-01-29T13:29:00,5,14
290,Christopher Allen,2019-04-19T12:41:00,6,18
291,Christopher Green,2020-10-09T08:12:00,9,9
292,Nicholas Nelson,2021-07-22T16:41:00,12,19
293,Sandra Ward,2018-04-30T09:10:00,12,19
294,Anna Nelson,2019-10-05T09:51:00,13,16
295,Mark Nelson,2021-01-22T16:36:00,5,5
296,Susan Cox,2020-12-15T15:49:00,2,2
297,Shirley Green,2021-05-27T09:53:00,5,5
298,William Perez,2021-03-22T11:40:00,6,6
299,Melissa White,2020-02-06T12:58:00,2,16
300,Karen Davis,2024-08-05T08:40:00,5,5
301,Nancy Bailey,2023-09-22T13:26:00,13,17
302,Karen Hernandez,2020-01-01T11:58:00,1,13
303,Ryan Torres,2020-07-16T10:40:00,3,3
304,Benjamin Miller,2023-10-15T12:21:00,7,7
305,Alexander Perez,2023-06-24T11:53:00,11,11
306,Rebecca Bailey,2020-10-10T09:54:00,11,11
307,Dorothy Flores,2018-03-13T15:21:00,12,19
308,Michael Peterson,2020-07-12T16:50:00,11,11
309,Anna Davis,2022-01-03T17:50:00,1,13
310,Thomas Bailey,2021-04-17T16:44:00,12,19
311,Helen Green,2023-01-11T15:53:00,4,4
312,Joseph Ramirez,2020-05-15T09:05:00,7,7
313,Susan Murphy,2023-05-21T10:04:00,1,1
314,Amanda Stewart,2023-09-04T17:34:00,1,1
315,Michelle Scott,2019-01-22T13:23:00,6,6
316,Katherine Gray,2024-07-01T17:51:00,9,9
317,Ronald Garcia,2024-10-20T16:01:00,7,7
318,Margaret Evans,2022-10-06T16:24:00,3,3
319,Alexander Bennett,2019-08-08T10:36:00,3,3
320,Margaret Bailey,2018-10-16T16:22:00,8,20
321,Emily Nelson,2018-04-04T17:31:00,2,2
322,Margaret Bennett,2020-11-15T10:28:00,5,14
323,Stephen Rodriguez,2023-01-01T14:01:00,6,18
324,Benjamin Green,2022-05-19T17:11:00,1,13
325,Gary Hall,2018-08-11T16:31:00,3,15
326,Edward Rivera,2019-10-18T17:50:00,12,19
327,Nicole Evans,2023-02-05T13:41:00,6,6
328,Margaret Peterson,2022-02-24T17:30:00,1,14
329,Matthew Lee,2021-03-25T12:50:00,3,15
330,Brandon Adams,2024-11-16T17:21:00,8,20
331,Amanda Nguyen,2021-07-29T17:02:00,12,19
332,Dorothy White,2020-03-12T16:17:00,9,9
333,Timothy Rivera,2024-01-30T13:34:00,1,1
334,Rebecca Cooper,2019-04-30T17:34:00,2,12
335,Anthony Mitchell,2022-08-23T16:42:00,6,18
336,Justin Cooper,2022-02-22T14:56:00,10,10
337,Nicole Lee,2019-05-19T08:53:00,2,12
338,Katherine Jones,2021-07-01T13:26:00,2,16
339,Larry Reyes,2019-08-07T08:24:00,9,9
340,David Martinez,2018-11-17T16:50:00,3,3
341,Donna Richardson,2023-11-15T16:31:00,2,16
342,Cynthia Hall,2021-07-08T13:38:00,5,14
343,Joshua Howard,2019-12-13T12:13:00,1,1
344,Melissa Gomez,2022-01-25T13:41:00,13,16
345,Mary Johnson,2020-01-13T12:41:00,1,13
346,Richard Clark,2024-09-01T16:33:00,5,5
347,Brandon Ramirez,2022-12-07T14:21:00,12,19
348,Kevin Moore,2024-05-16T13:30:00,3,3
349,Patricia Green,2023-08-19T12:46:00,13,16
350,John Peterson,2022-11-25T10:41:00,7,7
351,Frank Richardson,2021-12-25T10:21:00,5,5
352,Kathleen Thomas,2019-10-17T10:51:00,2,2
353,Brenda Nelson,2019-11-01T16:55:00,6,6
354,Kathleen Perez,2023-04-16T10:03:00,11,11
355,Sharon Stewart,2023-11-10T11:25:00,8,8
356,Pamela Harris,2019-08-05T08:11:00,5,5
357,Edward Scott,2021-09-23T10:23:00,1,13
358,Sandra Edwards,2019-09-02T11:01:00,4,4
359,Carol Watson,2023-09-14T13:03:00,5,5
360,Benjamin Watson,2018-10-18T14:06:00,4,4
361,Matthew Harris,2022-04-27T10:30:00,6,18
362,Jennifer Price,2018-05-16T14:33:00,6,6
363,Janet Hernandez,2018-12-03T10:02:00,2,2
364,John Hill,2021-04-04T17:51:00,8,8
365,Anthony Mitchell,2019-12-01T15:55:00,4,4
366,Helen Rogers,2018-05-14T12:27:00,13,17
367,Angela Jackson,2022-08-01T10:18:00,5,14
368,John Gray,2019-06-02T10:39:00,8,8
369,Joshua Cruz,2023-08-07T13:07:00,3,3
370,Andrew Hill,2022-04-20T12:26:00,9,9
371,Helen Cox,2021-09-13T14:59:00,2,2
372,Janet Diaz,2020-05-04T16:47:00,3,15
373,Debra Bennett,2020-11-21T14:13:00,5,14
374,Gregory Jackson,2020-03-08T13:39:00,5,5
375,Eric Torres,2022-01-24T16:41:00,3,12
376,Timothy James,2019-09-23T13:46:00,8,20
377,Donna Reed,2022-09-10T08:16:00,5,14
378,Matthew Nguyen,2018-12-28T09:15:00,3,15
379,Janet Green,2020-11-23T09:35:00,6,6
380,Catherine Perez,2020-05-28T13:11:00,2,12
381,Angela Rogers,2021-03-27T16:29:00,1,1
382,Brenda Nguyen,2019-07-29T08:50:00,12,19
383,Raymond Collins,2020-02-12T10:12:00,2,16
384,Catherine Carter,2018-05-25T08:33:00,2,2
385,Alexander Morris,2019-09-16T08:17:00,3,15
386,Jason Torres,2024-10-25T12:51:00,3,15
387,Rebecca Price,2019-07-31T13:02:00,8,20
388,Carol Murphy,2021-07-27T10:55:00,2,2
389,Kevin Peterson,2021-12-12T15:47:00,9,9
390,Stephen Hall,2019-10-11T17:54:00,10,10
391,Laura Bailey,2024-05-28T13:42:00,1,13
392,Maria Garcia,2018-05-02T12:18:00,6,6
393,Debra Robinson,2024-01-19T10:10:00,7,7
394,Janet James,2018-09-15T10:50:00,4,4
395,Rebecca Brown,2024-08-01T08:16:00,3,3
396,Carolyn Brown,2019-06-02T16:06:00,5,14
397,Justin Allen,2021-01-22T17:37:00,11,11
398,Carolyn Lee,2023-01-27T13:12:00,8,8
399,Samuel James,2023-08-16T16:10:00,11,11
400,Samantha Reyes,2018-11-19T16:42:00,4,4
401,Kimberly Martin,2023-02-23T10:35:00,8,8
402,Debra Cox,2023-10-30T15:27:00,2,2
403,Ashley Flores,2018-04-07T16:53:00,1,1
404,Cynthia Bell,2022-05-01T13:47:00,12,19
405,Susan Smith,2021-07-20T17:56:00,4,4
406,Donald Nguyen,2019-01-06T10:11:00,2,2
407,Kimberly Bell,2018-03-01T08:58:00,9,9
408,George Lee,2018-01-03T16:39:00,9,9
409,Matthew Carter,2023-08-22T08:54:00,2,12
410,Kimberly Scott,2019-07-17T09:59:00,3,12
411,Alexander Thompson,2018-07-03T13:56:00,1,1
412,Richard Morris,2023-07-31T13:13:00,3,3
413,Robert Robinson,2019-03-10T15:38:00,3,3
414,Benjamin Cruz,2021-11-20T16:15:00,10,10
415,Christopher Sanchez,2024-04-10T10:57:00,1,1
416,Brenda Rogers,2022-10-27T16:27:00,1,1
417,Michelle Williams,2024-12-22T08:00:00,3,15
418,Samuel Wood,2018-08-06T16:07:00,3,3
419,Gregory Campbell,2023-01-02T16:35:00,5,14
420,Amanda King,2019-03-17T17:58:00,12,19
421,Kimberly Davis,2021-08-01T08:42:00,11,11
422,Emma Rodriguez,2023-01-13T10:09:00,13,16
423,Timothy Lopez,2023-08-06T08:03:00,5,14
424,Joseph Robinson,2024-06-11T17:35:00,11,11
425,Maria Miller,2023-02-22T11:36:00,7,7
426,Emily Edwards,2023-09-17T13:15:00,3,3
427,Kenneth Bell,2020-06-05T08:12:00,8,8
428,Paul Richardson,2022-05-06T15:24:00,1,1
429,Helen Flores,2023-02-18T12:16:00,1,1
430,Emma Martin,2022-04-30T14:35:00,4,4
431,Kevin Cooper,2021-04-07T13:00:00,4,4
432,Gary Howard,2021-06-26T17:33:00,3,15
433,Edward Walker,2022-08-18T15:03:00,12,19
434,Jonathan Roberts,2023-08-28T10:47:00,8,8
435,Anthony Wilson,2021-12-16T08:19:00,6,6
436,Jennifer Allen,2024-05-16T16:53:00,13,16
437,Ronald Jackson,2020-08-29T09:08:00,12,19
438,Jacob Williams,2020-01-26T15:10:00,2,2
439,Jessica Jones,2024-08-01T12:49:00,13,17
440,Emma Collins,2021-07-10T13:06:00,10,10
441,Donald Morgan,2019-06-18T15:22:00,6,6
442,Nicholas Morris,2018-07-25T17:33:00,3,12
443,James Williams,2019-05-24T16:28:00,1,1
444,Emily Miller,2023-08-23T14:15:00,8,8
445,Susan Bailey,2018-09-21T11:31:00,2,2
446,Raymond Rivera,2020-02-10T16:58:00,5,5
447,Jeffrey Cox,2021-02-07T10:23:00,3,3
448,Carol Watson,2019-12-14T13:02:00,12,19
449,Eric Flores,2023-07-24T17:40:00,8,8
450,Nicole Wright,2024-08-02T09:20:00,4,4
451,George Garcia,2021-03-10T15:05:00,3,15
452,Betty Green,2020-05-28T09:52:00,1,1
453,Cynthia Miller,2022-05-19T15:18:00,13,17
454,Raymond Jones,2023-03-29T14:28:00,10,10
455,Lisa Bennett,2019-11-22T09:01:00,1,1
456,Kevin Clark,2023-09-04T12:42:00,9,9
457,Emily Walker,2020-02-09T17:32:00,8,8
458,Kenneth Garcia,2021-06-10T12:43:00,4,4
459,Thomas Wilson,2018-10-24T09:37:00,9,9
460,Jonathan Stewart,2024-03-20T11:54:00,10,10
461,Anna Nguyen,2019-01-16T10:25:00,4,4
462,Gary Walker,2022-09-05T14:03:00,6,18
463,Sarah Flores,2023-04-08T15:06:00,6,6
464,Mary Peterson,2019-02-17T10:12:00,4,4
465,Mary White,2024-06-25T17:56:00,10,10
466,Deborah Martinez,2023-07-24T11:11:00,1,13
467,Jennifer Scott,2024-02-09T15:41:00,10,10
468,Paul Howard,2020-11-03T15:38:00,1,13
469,Deborah Garcia,2021-12-01T10:54:00,8,20
470,Eric Morris,2022-10-09T16:58:00,3,3
471,Andrew Morris,2021-06-29T12:03:00,6,6
472,Kimberly Lee,2023-03-14T08:38:00,8,8
473,Kimberly Hill,2022-04-16T17:56:00,1,1
474,Donna James,2018-12-06T15:01:00,7,7
475,Kathleen Richardson,2022-07-31T08:32:00,8,20
476,Donna Wright,2019-12-27T08:38:00,6,18
477,Nancy Scott,2018-08-24T16:23:00,3,3
478,Susan Bailey,2020-07-31T16:32:00,9,9
479,Debra Stewart,2018-08-18T16:38:00,6,6
480,Laura Bailey,2024-01-05T11:24:00,2,16
481,George Torres,2018-12-05T08:09:00,12,19
482,Anthony Cruz,2022-04-29T17:23:00,9,9
483,Michelle Reyes,2020-06-08T12:40:00,1,14
484,Deborah Murphy,2023-02-02T11:46:00,5,14
485,Jason Hernandez,2024-02-10T09:54:00,4,4
486,Ryan Hughes,2021-04-02T15:53:00,5,5
487,Kimberly Hall,2019-07-13T17:39:00,3,3
488,Daniel Price,2024-01-18T10:33:00,2,2
489,Charles Nguyen,2020-11-07T17:15:00,8,20
490,George Hughes,2020-04-03T11:25:00,10,10
491,Samantha Murphy,2021-07-10T16:57:00,6,6
492,Ronald Wilson,2021-01-01T11:57:00,7,7
493,Benjamin Kelly,2022-12-27T14:18:00,3,15
494,Shirley Smith,2019-09-27T11:38:00,1,13
495,Timothy Gomez,2021-02-22T12:18:00,5,14
496,Rebecca Torres,2020-06-09T14:58:00,3,3
497,Debra Jones,2024-05-09T08:09:00,8,20
498,Amy Sanchez,2024-08-03T12:32:00,5,5
499,Carolyn Robinson,2022-05-13T16:33:00,2,12
500,Gary Thompson,2023-11-17T14:27:00,11,11
501,Mary Morgan,2020-08-04T11:54:00,10,10
502,Larry Lee,2020-02-14T14:16:00,11,11
503,Rebecca Brooks,2021-03-22T17:41:00,1,13
504,Kenneth Lee,2020-10-21T10:23:00,2,16
505,Emma Nelson,2020-01-19T08:57:00,13,17
506,Brian Diaz,2018-10-19T13:09:00,2,2
507,Edward Johnson,2022-10-17T15:30:00,8,8
508,Maria Jones,2018-04-17T15:02:00,2,12
509,Catherine Diaz,2024-12-30T17:08:00,10,10
510,Barbara Gomez,2024-11-23T08:20:00,8,8
511,Raymond Anderson,2022-06-13T15:44:00,1,13
512,Charles Morgan,2022-07-15T08:31:00,7,7
513,Gary Lewis,2024-04-06T11:17:00,3,15
514,Carolyn Hughes,2021-01-27T09:31:00,5,14
515,Joshua Martinez,2021-07-23T08:19:00,9,9
516,Kathleen Richardson,2019-09-30T17:11:00,4,4
517,Nicholas Harris,2020-04-26T08:27:00,7,7
518,Carolyn Anderson,2019-01-04T09:29:00,12,19
519,Cynthia Reyes,2022-08-02T10:45:00,2,16
520,Scott White,2018-06-27T12:16:00,13,16
521,Barbara Carter,2023-03-16T10:53:00,11,11
522,Carol Cruz,2019-05-29T14:45:00,11,11
523,Catherine Campbell,2021-10-19T12:01:00,5,5
524,Ryan Carter,2023-09-28T14:21:00,5,14
525,Sarah Lewis,2021-08-12T14:05:00,13,17
526,Scott Bell,2024-10-01T09:58:00,8,8
527,Lisa Hill,2020-08-27T16:02:00,8,8
528,Frank Hughes,2020-12-08T09:12:00,11,11
529,Jennifer Brooks,2020-03-25T12:34:00,7,7
530,Robert Davis,2021-11-18T14:56:00,6,18
531,Jeffrey Evans,2024-12-29T12:32:00,8,20
532,Jack Torres,2020-06-07T16:37:00,3,3
533,Richard Edwards,2018-12-28T13:58:00,7,7
534,Eric Cooper,2023-01-17T14:07:00,4,4
535,Timothy Peterson,2019-08-08T14:50:00,6,18
536,Benjamin Lopez,2023-10-26T11:01:00,3,3
537,Scott Gonzalez,2019-06-01T16:03:00,10,10
538,Brian Perez,2021-01-15T11:34:00,5,5
539,Jonathan Nguyen,2022-02-26T12:48:00,5,5
540,Carolyn Howard,2024-07-27T10:59:00,13,17
541,Stephen Kelly,2021-04-23T17:00:00,12,19
542,Shirley Jackson,2023-03-05T10:39:00,9,9
543,Nicholas Gonzalez,2022-11-11T12:17:00,3,3
544,Gregory Cox,2022-10-21T09:32:00,13,17
545,Michelle Hall,2019-11-25T10:03:00,11,11
546,Eric Smith,2019-12-08T15:12:00,8,8
547,Donald Brown,2022-08-22T13:59:00,10,10
548,Dorothy King,2018-11-19T12:06:00,2,12
549,Margaret Mitchell,2021-04-04T14:46:00,13,17
550,Helen Sanchez,2020-01-22T10:19:00,3,15
551,William Peterson,2020-11-06T13:22:00,8,20
552,Michael King,2023-03-23T08:58:00,3,3
553,Mark Martinez,2021-01-25T09:20:00,5,5
554,Margaret Gray,2020-01-20T13:46:00,4,4
555,Lisa Hill,2022-10-23T13:05:00,3,15
556,Pamela Kelly,2024-05-11T16:55:00,1,13
557,Matthew Hernandez,2019-07-03T17:23:00,5,5
558,Richard Torres,2024-12-22T14:46:00,2,12
559,George Gomez,2018-09-25T13:31:00,4,4
560,Richard Stewart,2023-09-21T14:18:00,9,9
561,Mark Hernandez,2022-04-01T15:49:00,7,7
562,Margaret Baker,2021-07-24T10:57:00,1,14
563,Patrick Martinez,2018-02-06T12:50:00,5,5
564,Katherine Nguyen,2023-12-25T10:57:00,8,20
565,Brenda Campbell,2020-04-10T16:42:00,1,13
566,Charles Nelson,2024-09-21T08:30:00,8,8
567,Linda Baker,2022-08-27T13:58:00,2,16
568,Gary Rivera,2023-01-21T16:57:00,1,1
569,Paul Thompson,2022-07-18T14:48:00,9,9
570,Samuel Stewart,2019-04-10T12:58:00,8,8
571,Jeffrey Ward,2024-03-25T16:16:00,9,9
572,Barbara Kelly,2018-04-19T14:40:00,11,11
573,Benjamin Perez,2021-02-13T09:52:00,10,10
574,Joseph Thompson,2019-01-09T14:15:00,5,5
575,Cynthia Baker,2018-10-30T09:01:00,5,5
576,John Smith,2021-08-07T13:34:00,6,6
577,Shirley Jones,2020-06-21T12:31:00,3,3
578,Brian Baker,2024-12-04T09:46:00,2,16
579,Debra Martinez,2020-11-17T15:24:00,3,15
580,Ryan Harris,2018-03-12T13:35:00,13,17
581,Joshua Rivera,2022-09-25T10:29:00,2,2
582,Emma Flores,2019-11-18T13:58:00,12,19
583,Nancy Turner,2021-06-27T11:04:00,2,12
584,Christine Torres,2018-08-21T16:23:00,8,8
585,Thomas Brown,2022-01-22T11:43:00,1,14
586,Betty Gonzalez,2022-05-30T14:22:00,3,3
587,Kevin Howard,2020-09-08T13:29:00,1,1
588,Jonathan Perez,2023-07-30T15:14:00,7,7
589,Helen Harris,2021-01-25T17:21:00,12,19
590,Helen Flores,2021-08-26T12:03:00,12,19
591,George Young,2020-02-14T16:59:00,4,4
592,Carolyn Cooper,2024-01-01T14:40:00,3,3
593,Samuel Ward,2022-03-11T09:32:00,3,12
594,Edward Hughes,2024-06-09T08:05:00,12,19
595,Rachel Hernandez,2022-06-23T14:16:00,1,14
596,Ronald Sanchez,2018-07-23T13:54:00,8,8
597,Anna Bennett,2021-05-23T09:21:00,8,8
598,Matthew Lewis,2022-02-16T15:31:00,13,17
599,Amanda Young,2021-04-22T11:36:00,13,17
600,Patricia Nguyen,2019-03-27T13:28:00,11,11
601,Brenda Mitchell,2024-05-18T10:57:00,5,5
602,James Morgan,2024-07-22T09:20:00,4,4
603,Stephen Cooper,2022-04-08T09:49:00,5,14
604,Joseph Ward,2022-12-01T17:26:00,1,14
605,Justin Wood,2021-07-26T11:05:00,2,2
606,Jessica Martinez,2021-09-06T08:16:00,10,10
607,Kathleen Anderson,2020-08-09T17:13:00,2,16
608,Deborah Cooper,2021-06-03T08:08:00,1,13
609,Carolyn Baker,2020-03-05T13:35:00,3,15
610,Jonathan James,2021-02-10T08:30:00,8,20
611,Jennifer Peterson,2023-03-30T12:02:00,1,13
612,Robert Martin,2024-12-18T14:13:00,8,20
613,Richard Carter,2020-07-23T08:57:00,2,2
614,Donald Peterson,2022-01-11T13:47:00,9,9
615,Robert Gray,2022-11-30T15:31:00,2,16
616,Kathleen Martinez,2024-09-15T10:48:00,1,13
617,Anna Gomez,2022-10-13T12:21:00,3,12
618,Ronald Morris,2021-02-15T15:45:00,5,5
619,Donald Carter,2020-05-09T17:11:00,7,7
620,Donald Cooper,2023-11-07T14:43:00,4,4
621,Alexander Bailey,2019-11-21T15:17:00,5,5
622,John King,2019-06-09T08:52:00,3,3
623,Ryan Johnson,2024-02-15T11:49:00,1,1
624,David Cox,2019-03-09T11:00:00,2,2
625,Kenneth Reyes,2021-10-15T11:02:00,10,10
626,Jessica Ward,2018-07-08T09:46:00,5,5
627,Donald Jackson,2024-11-26T11:44:00,3,3
628,Linda Robinson,2023-10-24T17:51:00,3,3
629,Emily Williams,2024-05-22T15:08:00,7,7
630,Brenda Ward,2021-03-24T16:17:00,7,7
631,Joseph Jones,2024-11-27T16:04:00,1,13
632,Carolyn Thomas,2022-01-06T08:42:00,1,13
633,Rebecca Gray,2022-04-04T08:19:00,7,7
634,Steven Scott,2022-02-18T16:15:00,8,20
635,Janet Mitchell,2018-02-03T13:16:00,1,1
636,Anthony Jackson,2024-05-13T09:03:00,8,8
637,Samantha Bell,2019-02-17T10:51:00,8,8
638,Ronald Mitchell,2023-10-08T13:17:00,12,19
639,James Rodriguez,2018-04-15T08:09:00,8,8
640,Eric Walker,2020-12-12T12:14:00,3,3
641,Samuel Garcia,2018-01-20T12:36:00,8,20
642,Ryan Baker,2023-11-05T10:12:00,5,14
643,Sandra Rivera,2024-05-16T08:17:00,7,7
644,Donald Nelson,2020-10-05T09:02:00,2,2
645,Kimberly Johnson,2023-11-25T08:12:00,3,15
646,Angela Davis,2019-09-02T09:11:00,1,13
647,Kenneth Diaz,2019-03-17T08:28:00,6,6
648,Pamela Hughes,2024-09-24T11:06:00,8,20
649,Anthony Scott,2020-11-10T17:31:00,3,12
650,Gregory Young,2020-05-25T10:21:00,6,6
651,Emma Adams,2024-02-29T17:21:00,1,13
652,Nicole Garcia,2018-06-26T15:58:00,3,12
653,Margaret Stewart,2018-04-14T11:37:00,12,19
654,Alexander Sanchez,2024-10-02T10:50:00,3,15
655,Laura Thompson,2018-07-09T13:24:00,4,4
656,Robert Martinez,2021-09-01T13:28:00,12,19
657,Anna Howard,2021-02-21T13:44:00,10,10
658,George Murphy,2022-07-05T17:04:00,3,15
659,Edward Richardson,2018-08-29T17:52:00,6,18
660,Donna Ramirez,2019-09-15T11:31:00,3,3
661,Charles Flores,2024-03-21T12:52:00,2,2
662,Amy James,2020-11-01T17:12:00,11,11
663,Catherine Mitchell,2019-10-18T17:11:00,4,4
664,Margaret Gomez,2019-10-10T16:16:00,12,19
665,Timothy Diaz,2023-08-01T17:37:00,7,7
666,Shirley Ramirez,2022-12-29T08:05:00,3,12
667,Stephanie Walker,2021-07-13T08:34:00,3,12
668,Matthew Jackson,2021-07-19T08:41:00,8,20
669,Eric Edwards,2022-03-04T12:45:00,13,17
670,Andrew Flores,2018-01-15T16:57:00,9,9
671,Eric Turner,2018-08-10T11:44:00,2,2
672,Nancy Murphy,2019-07-25T12:13:00,7,7
673,Shirley Jackson,2024-09-05T09:09:00,8,20
674,Maria Gray,2019-02-19T12:26:00,3,12
675,Rachel Torres,2021-06-04T13:39:00,8,20
676,Karen Taylor,2023-04-01T15:33:00,3,15
677,Anthony Taylor,2021-12-04T09:25:00,1,13
678,Donald Moore,2021-02-03T09:33:00,2,2
679,Thomas Hall,2020-02-13T17:30:00,4,4
680,Lisa Wilson,2020-07-17T08:07:00,8,8
681,Pamela Nelson,2024-06-21T10:25:00,13,16
682,Christine Davis,2020-01-02T10:33:00,1,1
683,Patricia Cox,2021-10-01T08:48:00,5,5
684,Edward Stewart,2018-07-13T16:09:00,2,2
685,Anthony King,2024-11-28T11:37:00,5,5
686,Mark Peterson,2020-10-17T15:52:00,8,20
687,Debra Torres,2023-10-21T16:39:00,4,4
688,Dorothy Carter,2021-06-08T14:14:00,2,16
689,Alexander Robinson,2020-08-03T12:40:00,8,20
690,Frank Davis,2019-11-12T13:32:00,3,15
691,Joseph Davis,2024-09-22T13:04:00,8,8
692,Jacob Cooper,2018-07-04T12:16:00,5,5
693,Shirley Morris,2023-06-24T12:06:00,6,18
694,Kevin Clark,2020-11-10T11:41:00,13,17
695,Ronald Johnson,2020-05-21T16:46:00,1,13
696,Brian Jackson,2018-07-02T15:54:00,4,4
697,Thomas Lopez,2019-11-24T15:28:00,9,9
698,Kathleen Nelson,2024-12-15T09:13:00,2,2
699,Edward White,2020-09-23T09:07:00,8,8
700,John Rivera,2021-05-20T10:04:00,6,18
701,Charles Reed,2018-05-12T13:07:00,3,12
702,Richard Torres,2023-04-16T12:17:00,8,20
703,Steven Bailey,2018-09-19T09:00:00,6,6
704,Jonathan Walker,2023-05-08T11:01:00,1,1
705,Thomas Bennett,2021-07-21T08:09:00,3,15
706,Brandon Reyes,2020-03-13T08:45:00,5,5
707,Scott Nguyen,2023-03-18T11:46:00,7,7
708,Raymond Perez,2018-07-19T15:53:00,11,11
709,William Morris,2019-10-02T15:32:00,1,14
710,Samuel Torres,2021-12-22T08:09:00,1,1
711,Jessica Edwards,2019-06-10T09:51:00,12,19
712,Charles Wright,2024-06-02T08:36:00,1,13
713,Patrick Gray,2018-10-26T16:26:00,4,4
714,Carol Morgan,2022-10-21T17:56:00,5,14
715,Stephanie James,2020-08-25T14:16:00,6,6
716,Kevin Green,2022-06-09T10:59:00,1,13
717,Matthew Adams,2024-02-22T16:46:00,1,13
718,Jennifer Parker,2024-11-04T10:46:00,2,16
719,Anthony Turner,2019-05-03T08:54:00,3,12
720,Cynthia Watson,2021-02-21T11:49:00,8,20
721,Linda Flores,2022-01-28T14:47:00,1,13
722,Benjamin Rivera,2024-09-21T11:40:00,8,8
723,Jack Garcia,2022-07-18T11:29:00,6,18
724,Ashley Lewis,2022-12-28T09:15:00,3,15
725,Jason Nguyen,2023-09-27T09:46:00,8,8
726,Jessica Cooper,2021-11-19T13:14:00,1,13
727,Frank Gray,2022-03-08T13:47:00,3,3
728,George Cooper,2020-12-14T12:59:00,1,13
729,Emma Phillips,2019-06-03T10:27:00,1,13
730,Larry Wright,2024-04-21T11:52:00,7,7
731,Maria Ward,2024-09-01T09:43:00,1,14
732,Nicholas Scott,2022-09-29T17:32:00,1,13
733,Jacob Parker,2022-09-05T12:24:00,13,16
734,Paul Bennett,2020-01-18T16:21:00,1,1
735,Jonathan Johnson,2024-06-03T08:57:00,1,1
736,Jonathan Johnson,2019-08-25T17:00:00,1,1
737,Nicholas Cruz,2023-07-31T10:04:00,5,5
738,Samuel Green,2019-01-03T11:15:00,13,17
739,Ryan Robinson,2021-10-06T15:05:00,1,1
740,Margaret Wilson,2018-08-13T16:41:00,8,20
741,Thomas Hill,2018-08-07T11:32:00,7,7
742,Jessica Cox,2020-04-03T09:42:00,1,1
743,Pamela Rivera,2021-08-31T14:23:00,9,9
744,Kenneth Young,2024-01-08T13:55:00,1,1
745,Jessica Cook,2019-07-16T12:14:00,8,8
746,Kevin Ward,2023-04-14T16:48:00,6,18
747,Melissa Jones,2021-09-10T15:38:00,5,5
748,Emily Hall,2022-03-27T13:07:00,2,12
749,Samantha Nguyen,2019-08-19T08:14:00,2,2
750,Emma Moore,2021-10-05T09:52:00,2,12
751,Thomas Rivera,2020-03-10T09:31:00,4,4
752,Rachel Nelson,2021-06-21T11:33:00,5,5
753,Carol Cooper,2021-11-09T10:09:00,6,18
754,Janet Price,2018-10-19T12:38:00,2,12
755,Justin Torres,2024-02-27T16:05:00,6,18
756,Matthew Roberts,2024-11-04T14:01:00,9,9
757,Thomas Peterson,2024-11-22T08:30:00,12,19
758,Alexander Roberts,2023-07-31T16:13:00,9,9
759,Scott Davis,2019-09-20T16:34:00,8,8
760,Gary Murphy,2020-02-03T12:39:00,6,18
761,Karen Rodriguez,2018-10-26T11:17:00,1,14
762,Linda White,2018-07-24T12:31:00,8,8
763,Cynthia Martinez,2021-09-22T12:31:00,3,3
764,Anna Nguyen,2022-10-04T12:28:00,3,15
765,Jennifer Hernandez,2021-09-25T15:14:00,11,11
766,Betty Scott,2020-04-09T16:08:00,3,15
767,Samuel James,2022-06-21T09:36:00,2,16
768,Amy Hernandez,2020-03-01T10:21:00,6,18
769,Jeffrey Miller,2021-10-21T13:58:00,1,14
770,Margaret Reed,2023-03-10T15:46:00,1,1
771,Emma Moore,2023-09-15T16:00:00,6,18
772,Emma Smith,2024-11-25T09:08:00,1,1
773,Brian Kelly,2019-05-24T11:53:00,2,2
774,Joseph James,2023-02-04T14:48:00,13,16
775,Anthony Edwards,2020-10-17T15:29:00,4,4
776,Larry Martinez,2019-02-07T16:07:00,4,4
777,Barbara Rivera,2022-06-16T16:27:00,6,18
778,Carolyn Edwards,2020-02-24T15:48:00,5,5
779,Patrick Anderson,2022-04-25T09:49:00,12,19
780,Linda Edwards,2022-07-06T14:51:00,8,20
781,Sarah Nguyen,2021-09-04T11:47:00,13,16
782,George Baker,2020-10-14T14:08:00,5,14
783,Jeffrey Thomas,2018-07-29T13:03:00,3,3
784,Jason Adams,2023-12-31T10:53:00,3,15
785,Samuel Miller,2023-10-22T14:49:00,12,19
786,Anna Davis,2024-09-12T16:32:00,3,15
787,Stephen Torres,2021-07-23T12:08:00,12,19
788,Mary Gomez,2019-12-21T14:22:00,5,14
789,Brenda Martin,2020-11-12T14:29:00,5,5
790,Kevin Lopez,2019-03-11T13:00:00,6,18
791,Thomas Baker,2021-05-08T11:00:00,1,13
792,John Smith,2018-06-07T16:52:00,6,18
793,Kathleen Walker,2021-01-11T16:18:00,11,11
794,Emily Garcia,2021-10-30T16:43:00,1,13
795,Richard Ward,2024-04-13T09:25:00,7,7
796,Maria Kelly,2022-01-25T17:45:00,6,18
797,Andrew Reed,2024-03-13T13:53:00,2,2
798,Lisa Taylor,2024-01-17T15:09:00,1,13
799,Charles Hall,2019-08-20T14:17:00,7,7
800,Joshua White,2024-03-18T10:18:00,2,12
801,Emma Roberts,2024-06-04T11:07:00,3,15
802,David Walker,2024-09-21T08:20:00,2,2
803,Anthony Edwards,2020-05-18T16:42:00,2,2
804,Gary Morris,2022-06-10T17:19:00,7,7
805,Shirley Lewis,2020-02-13T09:26:00,6,18
806,Jonathan Williams,2023-12-14T17:55:00,8,8
807,Joshua Diaz,2022-11-01T11:45:00,5,5
808,Steven Gomez,2018-11-21T09:18:00,4,4
809,Donna Nguyen,2023-11-02T15:00:00,2,2
810,Benjamin Perez,2021-12-01T08:19:00,4,4
811,Mary Cook,2018-06-09T11:26:00,6,18
812,Amanda Jackson,2021-02-25T13:13:00,8,8
813,Shirley Murphy,2021-10-18T11:17:00,1,1
814,Patricia Rodriguez,2019-09-11T17:34:00,13,17
815,Rachel Diaz,2021-01-07T08:06:00,1,13
816,Stephanie Bennett,2018-01-19T12:54:00,9,9
817,Scott Lewis,2022-04-13T15:32:00,13,17
818,Kevin Peterson,2020-07-20T17:34:00,12,19
819,Carolyn Young,2021-07-15T10:10:00,3,3
820,Sarah Moore,2018-11-22T12:43:00,5,14
821,Debra Rivera,2018-03-08T09:57:00,13,17
822,Melissa Miller,2024-09-14T10:56:00,8,8
823,Scott Phillips,2024-06-29T11:57:00,2,2
824,Patricia Martinez,2020-11-19T13:19:00,8,20
825,Sandra Sanchez,2021-03-14T09:48:00,3,15
826,Matthew Stewart,2020-07-12T15:27:00,8,8
827,Debra Hughes,2019-01-09T09:14:00,5,5
828,Anna Mitchell,2018-06-02T14:44:00,11,11
829,Michelle Gray,2021-04-23T13:05:00,2,12
830,Anthony Martin,2018-09-18T11:01:00,5,5
831,Kevin Thompson,2020-12-11T12:01:00,3,15
832,Daniel Lee,2022-01-14T11:20:00,13,17
833,Edward Sanchez,2018-01-31T14:37:00,5,5
834,Gregory Rivera,2020-12-03T15:56:00,3,3
835,Richard Moore,2020-10-27T11:51:00,6,18
836,Laura Bell,2019-01-23T14:52:00,9,9
837,Janet Evans,2024-09-08T13:15:00,8,20
838,Angela Wilson,2020-02-22T11:02:00,8,20
839,Cynthia Reyes,2023-12-03T09:08:00,2,2
840,Gregory Anderson,2020-03-29T15:47:00,8,20
841,Charles Peterson,2021-05-10T11:57:00,11,11
842,Patricia Morris,2024-10-29T08:50:00,13,17
843,Timothy Diaz,2019-10-28T17:40:00,5,5
844,Jennifer Adams,2022-10-02T16:02:00,5,14
845,Cynthia Taylor,2024-04-25T13:20:00,8,8
846,Michelle Wilson,2021-09-09T08:45:00,6,6
847,Ryan Bell,2022-10-26T12:29:00,2,16
848,Larry Rodriguez,2021-08-14T13:10:00,6,6
849,Linda Ramirez,2020-01-06T09:36:00,5,5
850,Stephen Young,2020-05-19T11:34:00,11,11
851,Ashley Watson,2022-02-18T12:59:00,2,12
852,Sharon Rivera,2023-05-07T11:57:00,4,4
853,Steven Richardson,2021-07-17T09:56:00,11,11
854,George Diaz,2022-11-22T15:54:00,6,18
855,Brian Bailey,2023-03-12T08:56:00,7,7
856,Mark Richardson,2023-12-11T14:28:00,5,5
857,Catherine Ward,2018-09-25T17:35:00,9,9
858,Thomas Davis,2024-07-14T12:47:00,11,11
859,Anna Adams,2022-03-05T13:17:00,2,12
860,Jeffrey Wilson,2023-05-23T15:39:00,5,14
861,Mark Morgan,2019-01-17T17:34:00,4,4
862,Jason Ward,2018-07-04T16:19:00,9,9
863,Jessica Taylor,2018-08-07T12:33:00,3,3
864,Mary Campbell,2019-02-15T12:49:00,3,3
865,Jeffrey Campbell,2020-12-23T14:40:00,10,10
866,Jason Bennett,2018-04-12T15:18:00,1,14
867,Steven Walker,2024-04-25T12:59:00,2,12
868,Mary Hill,2022-06-19T16:35:00,7,7
869,David Cook,2019-12-22T12:56:00,5,14
870,Carol Wilson,2023-10-03T16:40:00,3,15
871,Joseph Peterson,2023-07-25T16:28:00,10,10
872,Catherine Richardson,2021-02-23T13:05:00,9,9
873,Joshua Rogers,2022-09-25T11:31:00,9,9
874,Maria Flores,2020-07-22T17:01:00,8,8
875,Jack Smith,2019-10-23T15:13:00,2,2
876,Kevin Roberts,2024-10-16T14:18:00,3,15
877,Nicholas Lewis,2023-02-16T14:55:00,8,20
878,Carol Green,2020-07-27T15:47:00,7,7
879,Maria Jones,2023-12-06T15:44:00,5,14
880,John Diaz,2021-08-05T12:53:00,7,7
881,Janet Turner,2018-06-07T11:15:00,2,2
882,Patricia Lee,2022-02-24T14:27:00,2,12
883,Joshua Carter,2018-12-10T13:01:00,2,16
884,Stephen Turner,2019-01-08T17:29:00,4,4
885,Rachel Allen,2023-02-24T09:07:00,5,5
886,Alexander Bennett,2022-08-05T15:05:00,8,20
887,Emma Reyes,2020-03-11T13:29:00,10,10
888,Andrew Rivera,2022-07-25T14:07:00,13,17
889,Jessica Harris,2021-02-23T12:00:00,1,1
890,Janet Collins,2024-11-17T08:20:00,7,7
891,Michelle Parker,2020-05-22T10:30:00,3,15
892,Dorothy Anderson,2021-08-10T15:20:00,9,9
893,Robert Bell,2021-10-19T10:14:00,8,8
894,Brandon Watson,2020-10-08T15:09:00,2,2
895,Ronald Nelson,2020-02-17T08:12:00,1,1
896,Dorothy Morgan,2022-04-25T16:55:00,6,6
897,Larry Evans,2023-02-28T09:41:00,7,7
898,Scott Garcia,2020-11-08T09:05:00,2,16
899,Mark Thompson,2021-10-19T15:18:00,3,15
900,Joseph Brown,2019-11-30T12:04:00,5,5
901,Timothy Lewis,2024-02-15T09:15:00,13,16
902,Benjamin Sanchez,2021-07-03T16:02:00,8,20
903,Edward Cook,2018-11-23T12:55:00,12,19
904,Christine Brooks,2022-02-21T12:37:00,8,20
905,Kimberly Hill,2023-08-22T15:01:00,13,17
906,Justin Reed,2018-12-04T15:43:00,10,10
907,William Walker,2024-03-17T10:33:00,5,5
908,Edward Martin,2020-09-04T08:43:00,13,17
909,Raymond Scott,2024-01-06T11:27:00,11,11
910,Emma Flores,2021-10-05T09:42:00,4,4
911,Steven Morris,2023-03-31T09:05:00,2,12
912,Steven Williams,2022-08-29T13:01:00,2,16
913,Susan Thompson,2023-07-06T11:33:00,8,20
914,Angela Allen,2022-08-03T11:14:00,11,11
915,James Peterson,2021-07-23T16:20:00,11,11
916,Lisa Phillips,2024-07-28T15:41:00,12,19
917,Ronald Hill,2023-08-23T12:40:00,3,15
918,Amanda Bennett,2022-05-08T11:51:00,10,10
919,Melissa Martin,2018-11-05T09:53:00,6,6
920,Kenneth Flores,2021-12-31T14:04:00,1,1
921,Lisa Brooks,2022-11-01T15:31:00,7,7
922,Sarah Howard,2021-01-09T16:11:00,6,18
923,Margaret Gray,2018-12-26T14:14:00,6,6
924,Jason Davis,2021-06-09T15:23:00,6,6
925,Stephen Hall,2018-09-29T10:13:00,3,3
926,Linda Stewart,2022-03-28T16:17:00,8,8
927,Sharon Flores,2024-06-18T08:29:00,3,15
928,Katherine Green,2022-06-07T16:27:00,11,11
929,Christine Brooks,2022-09-01T17:22:00,8,8
930,Lisa Williams,2018-01-23T13:47:00,1,1
931,Frank Johnson,2021-06-23T11:36:00,5,5
932,Daniel Price,2024-07-30T17:02:00,2,2
933,Samantha Price,2024-10-24T14:44:00,10,10
934,Kevin Price,2022-04-12T17:00:00,8,20
935,Betty Gonzalez,2020-10-31T09:51:00,12,19
936,David Carter,2019-03-28T16:00:00,1,13
937,Mary Reed,2018-11-07T14:13:00,7,7
938,Shirley Cruz,2019-03-16T13:00:00,12,19
939,David Thompson,2020-02-04T11:48:00,9,9
940,Thomas Rogers,2018-04-12T15:42:00,12,19
941,Mark Torres,2018-01-22T11:47:00,13,17
942,Daniel Wright,2024-05-21T15:16:00,12,19
943,Timothy Watson,2022-11-11T12:27:00,6,18
944,Amanda Hall,2023-05-25T17:35:00,7,7
945,Edward Rivera,2021-04-30T11:52:00,3,15
946,Brenda Brooks,2020-04-18T17:53:00,3,3
947,Sandra Murphy,2020-05-26T12:08:00,6,6
948,Catherine Rivera,2024-06-20T10:57:00,6,18
949,George Bennett,2018-08-23T14:08:00,6,6
950,Jason Adams,2022-04-18T13:13:00,2,2
951,Anthony Gomez,2018-11-14T15:09:00,8,20
952,Linda Howard,2021-11-28T14:36:00,9,9
953,Helen Miller,2021-01-11T09:44:00,6,6
954,Samuel Rivera,2023-05-10T15:12:00,3,3
955,Mark Watson,2022-03-18T10:30:00,8,8
956,Joseph Campbell,2024-07-09T15:45:00,6,6
957,Karen Rogers,2021-09-23T16:37:00,3,12
958,Raymond Hughes,2020-06-07T14:18:00,5,5
959,Kevin Torres,2024-02-08T16:20:00,6,18
960,George Flores,2023-02-14T09:57:00,1,1
961,Ryan Mitchell,2024-07-25T11:18:00,1,1
962,Kimberly Miller,2020-10-12T08:34:00,7,7
963,Sandra Nguyen,2024-08-27T10:04:00,11,11
964,Lisa Evans,2023-10-26T17:34:00,3,15
965,Deborah Ramirez,2018-01-25T17:57:00,3,12
966,Raymond Nguyen,2018-02-24T13:14:00,8,8
967,Jack Roberts,2021-08-26T15:52:00,1,14
968,Jessica Wilson,2024-02-09T08:13:00,9,9
969,Edward Collins,2022-10-06T17:44:00,8,20
970,Thomas Ramirez,2019-12-24T09:47:00,11,11
971,Jacob Baker,2019-10-18T11:42:00,9,9
972,Katherine Gray,2018-12-06T16:12:00,10,10
973,Anthony Bailey,2018-07-28T09:05:00,3,3
974,Emily Wood,2018-10-13T11:15:00,3,3
975,Samuel Nguyen,2021-07-19T09:21:00,6,6
976,Amanda Rogers,2018-02-28T13:06:00,5,5
977,Margaret Thomas,2023-08-07T16:13:00,1,13
978,Steven Howard,2020-01-08T11:41:00,8,20
979,Joseph Torres,2024-09-17T13:14:00,8,20
980,Donna Garcia,2020-05-22T15:34:00,7,7
981,Christopher Torres,2018-09-12T10:50:00,9,9
982,Edward Kelly,2024-11-07T13:40:00,13,17
983,Nancy Young,2019-05-15T10:44:00,8,8
984,Sarah Mitchell,2019-08-17T12:21:00,12,19
985,Paul Collins,2020-04-19T13:28:00,7,7
986,Betty Edwards,2022-01-13T15:39:00,6,6
987,Mark Martinez,2021-09-08T16:53:00,6,6
988,Catherine Reyes,2018-10-16T12:37:00,4,4
989,Timothy Johnson,2024-11-22T08:30:00,11,11
990,Lisa Morris,2024-09-08T16:30:00,7,7
991,Dorothy Edwards,2023-04-19T17:19:00,1,13
992,Gregory Sanchez,2018-08-15T11:16:00,11,11
993,Katherine Flores,2020-12-06T13:44:00,3,3
994,Jonathan Martin,2019-05-29T10:23:00,8,8
995,Cynthia Campbell,2020-05-29T08:03:00,13,17
996,Mark Johnson,2020-03-12T16:52:00,8,8
997,Barbara Carter,2024-06-03T15:37:00,3,15
998,Anna Ramirez,2020-02-20T16:32:00,9,9
999,Donna Hernandez,2021-11-25T10:13:00,8,20
1000,William Lee,2022-06-02T13:21:00,5,5
